Replicates,Genotypes,cond,pop,sumNeo,adult,diff,size
1,LR3_77_01,LA,P,5,7,4,4.857143
2,LR3_77_01,LA,P,6,10,4,5.133333
3,LR3_77_01,LA,P,4,11,11,5.180952
1,LR3_77_01,HA,P,37,7,3,4.666667
2,LR3_77_01,HA,P,35,7,6,5.32381
3,LR3_77_01,HA,P,13,7,3,5.533333
1,LR3_66_01,LA,P,4,8,17,5.085714
2,LR3_66_01,LA,P,6,11,4,5.190476
3,LR3_66_01,LA,P,4,11,20,5.219048
4,LR3_66_01,LA,P,4,15,7,5.580952
1,LR3_66_01,HA,P,33,6,3,5.028571
2,LR3_66_01,HA,P,19,10,3,4.914286
3,LR3_66_01,HA,P,37,6,3,4.666667
4,LR3_66_01,HA,P,28,7,3,5.47619
1,LR2_48_02,LA,P,3,7,14,4.92381
2,LR2_48_02,LA,P,3,7,10,5.104762
3,LR2_48_02,LA,P,5,8,3,5.380952
4,LR2_48_02,LA,P,4,12,7,5.714286
1,LR2_48_01,HA,P,43,6,3,5.12381
2,LR2_48_01,HA,P,53,6,3,5.6
3,LR2_48_01,HA,P,43,7,3,5.790476
4,LR2_48_02,HA,P,56,5,3,5.447619
5,LR2_48_02,HA,P,45,7,3,5.695238
6,LR2_48_02,HA,P,51,6,3,6.228571
1,LR2_36_02,LA,P,5,7,14,5.12381
2,LR2_36_02,LA,P,9,11,11,5.066667
1,LR2_36_02,HA,P,21,7,5,4.895238
2,LR2_36_02,HA,P,23,6,6,5.228571
3,LR2_36_02,HA,P,19,7,6,5.247619
1,LR3_74_01,LA,P,5,10,4,5.07619
2,LR3_74_01,LA,P,5,8,7,5.295238
3,LR3_74_01,LA,P,6,10,8,5.533333
1,LR3_74_01,HA,P,38,6,3,5.895238
2,LR3_74_01,HA,P,54,6,3,6.009524
3,LR3_74_01,HA,P,39,7,3,6.028571
1,LR2_54_01,LA,P,2,11,NA,5.495238
2,LR2_54_01,LA,P,3,11,3,5.32381
3,LR2_54_01,LA,P,5,11,4,5.390476
4,LR2_54_01,LA,P,5,11,4,5.447619
1,LR2_54_01,LA,P,48,6,3,4.92381
2,LR2_54_01,HA,P,17,5,3,4.933333
3,LR2_54_01,HA,P,33,7,3,5.485714
4,LR2_54_01,HA,P,14,6,3,5.87619
1,LR2_48_01,LA,P,4,10,16,5.561905
2,LR2_48_01,LA,P,4,8,6,5.466667
3,LR2_48_01,LA,P,3,16,9,6.114286
4,LR2_48_01,LA,P,3,7,20,5.209524
1,LR2_48_01,HA,P,43,7,3,5.790476
2,LR2_48_01,HA,P,43,6,3,5.12381
3,LR2_48_01,LA,P,53,6,3,5.6
1,LR2_36_01,LA,P,4,9,16,5.561905
2,LR2_36_01,LA,P,6,9,5,5.504762
3,LR2_36_01,LA,P,2,10,4,5.695238
4,LR2_36_01,LA,P,3,8,4,5.390476
5,LR2_36_01,LA,P,4,8,4,5.352381
1,LR2_36_01,HA,P,5,5,3,5.180952
2,LR2_36_01,HA,P,48,7,6,5.819048
3,LR2_36_01,HA,P,36,7,3,6.057143
4,LR2_36_01,HA,P,37,7,3,6.104762
1,LR3_52_01,LA,P,5,7,7,4.533333
2,LR3_52_01,LA,P,3,8,22,5.12381
3,LR3_52_01,LA,P,2,11,15,5.133333
4,LR3_52_01,LA,P,6,8,10,5.314286
1,LR3_52_01,HA,P,44,6,3,6.12381
2,LR3_52_01,HA,P,36,6,3,5.666667
3,LR3_52_01,HA,P,38,6,3,5.4
4,LR3_52_01,HA,P,50,6,3,5.361905
1,LR2_54_02,LA,P,7,11,11,5.628571
2,LR2_54_02,LA,P,5,13,5,4.8
3,LR2_54_02,LA,P,3,9,3,5.019048
4,LR2_54_02,LA,P,4,8,7,5.104762
5,LR2_54_02,LA,P,3,13,9,5.104762
1,LR2_54_02,HA,P,35,6,4,5.171429
2,LR2_54_02,HA,P,40,7,10,5.428571
3,LR2_54_02,HA,P,47,7,5,5.542857
4,LR2_54_02,HA,P,46,7,6,5.542857
5,LR2_54_02,HA,P,37,6,3,6.104762
1,LR3_52_02,LA,P,5,11,4,4.92381
2,LR3_52_02,LA,P,8,11,7,4.933333
3,LR3_52_02,LA,P,11,7,4,5.066667
1,LR3_52_02,HA,P,36,7,3,5.657143
2,LR3_52_02,HA,P,44,7,3,5.67619
3,LR3_52_02,HA,P,19,6,2,5.761905
1,LR3_57_02,LA,P,2,10,6,5.447619
2,LR3_57_02,LA,P,5,11,8,5.447619
3,LR3_57_02,LA,P,3,7,14,5.285714
4,LR3_57_02,LA,P,2,18,18,5.752381
5,LR3_57_02,LA,P,15,17,4,5.780952
6,LR3_57_02,LA,P,8,13,4,5.8
7,LR3_57_02,LA,P,7,11,31,5.580952
8,LR3_57_02,LA,P,6,15,3,5.67619
1,LR3_57_02,HA,P,44,6,2,5.87619
2,LR3_57_02,HA,P,24,6,2,5.885714
4,LR3_57_02,HA,P,18,5,5,7.552381
5,LR3_57_02,HA,P,47,5,3,5.571429
6,LR3_57_02,HA,P,50,5,3,5.438095
7,LR3_57_02,HA,P,38,5,2,5.333333
1,LR3_88_01,LA,P,3,7,16,4.809524
2,LR3_88_01,LA,P,5,7,7,4.857143
3,LR3_88_01,LA,P,5,9,21,4.942857
4,LR3_88_01,LA,P,5,8,11,5.352381
1,LR3_88_01,HA,P,25,5,2,5.361905
2,LR3_88_01,HA,P,44,7,3,5.457143
3,LR3_88_01,HA,P,26,5,2,5.409524
4,LR3_88_01,HA,P,43,7,3,5.2
1,LR3_53_01,LA,P,6,10,25,5.238095
2,LR3_53_01,LA,P,5,13,11,5.495238
1,LR3_53_01,HA,P,18,9,3,5.47619
2,LR3_53_01,HA,P,5,10,4,4.07619
3,LR3_53_01,HA,P,18,9,3,4.933333
1,LR3_32_03,LA,E,9,10,3,4.114286
2,LR3_32_03,LA,E,6,10,3,4.390476
1,LR3_32_03,HA,E,17,11,3,4.095238
1,LR3_34_03,LA,E,4,7,8,4.542857
2,LR3_34_03,LA,E,5,10,10,5.285714
3,LR3_34_03,LA,E,7,12,3,5.561905
4,LR3_34_03,LA,E,2,8,NA,5.257143
1,LR3_34_03,HA,E,20,7,8,5.342857
2,LR3_34_03,HA,E,13,7,2,5.209524
3,LR3_34_03,HA,E,26,5,6,5.4
4,LR3_34_03,HA,E,47,7,3,5.752381
1,LRV_13_3,LA,E,4,6,3,4.666667
2,LRV_13_3,LA,E,6,8,3,4.780952
3,LRV_13_3,LA,E,7,6,4,4.838095
4,LRV_13_3,LA,E,7,8,4,4.847619
1,LRV_13_3,HA,E,20,6,4,4.780952
2,LRV_13_3,HA,E,29,6,6,5.304762
1,LRV_12.5_1,LA,E,4,9,3,4.819048
2,LRV_12.5_1,LA,E,7,7,3,4.809524
3,LRV_12.5_1,LA,E,8,8,4,4.67619
4,LRV_12.5_1,LA,E,4,8,11,4.771429
1,LRV_12.5_1,HA,E,46,6,3,4.847619
2,LRV_12.5_1,HA,E,28,6,2,4.67619
3,LRV_12.5_1,HA,E,23,6,4,5.790476
4,LRV_12.5_1,HA,E,31,7,3,5.733333
1,LRV_14.5_1,LA,E,6,7,3,4.847619
2,LRV_14.5_1,LA,E,1,8,NA,5.028571
3,LRV_14.5_1,LA,E,4,8,7,5.095238
4,LRV_14.5_1,LA,E,3,8,NA,5.371429
1,LRV_14.5_1,HA,E,37,7,3,5.809524
2,LRV_14.5_1,HA,E,29,7,7,5.8
1,LR3_30_01,LA,E,5,13,9,5.495238
2,LR3_30_01,LA,E,6,15,7,5.638095
3,LR3_30_01,LA,E,6,15,4,5.771429
4,LR3_30_01,LA,E,4,15,11,5.847619
1,LR3_30_01,HA,E,38,5,3,6.028571
2,LR3_30_01,HA,E,29,5,3,5.590476
3,LR3_30_01,HA,E,46,6,3,5.466667
4,LR3_30_01,HA,E,30,6,2,5.838095
1,LR3_30_02,LA,E,4,12,17,5.780952
2,LR3_30_02,LA,E,4,11,25,5.695238
3,LR3_30_02,LA,E,5,10,7,5.371429
4,LR3_30_02,LA,E,3,10,3,5.219048
1,LR3_30_02,HA,E,33,6,3,5.571429
2,LR3_30_02,HA,E,30,7,3,5.561905
3,LR3_30_02,HA,E,31,7,3,5.457143
1,LRV_12_4,LA,E,1,12,NA,5.647619
2,LRV_12_4,LA,E,4,12,14,5.657143
3,LRV_12_4,LA,E,4,7,4,5.27619
4,LRV_12_4,LA,E,4,8,4,5.295238
1,LRV_12_4,HA,E,36,8,3,5.809524
2,LRV_12_4,HA,E,25,9,3,5.628571
3,LRV_12_4,HA,E,28,6,7,4.971429
1,LR3_33_01,LA,E,4,11,4,5.342857
2,LR3_33_01,LA,E,9,7,4,5.266667
3,LR3_33_01,LA,E,7,9,9,5
1,LR3_33_01,HA,E,13,7,3,5.67619
2,LR3_33_01,HA,E,43,8,3,5.980952
3,LR3_33_01,HA,E,39,8,3,5.990476
1,LR3_31_03,LA,E,4,9,4,5.409524
2,LR3_31_03,LA,E,5,15,11,5.447619
3,LR3_31_03,LA,E,4,9,3,5.114286
1,LR3_31_03,HA,E,39,5,3,5.4
2,LR3_31_03,HA,E,13,7,4,5.047619
3,LR3_31_03,HA,E,26,6,3,4.866667
1,LR3_34_02,LA,E,2,7,6,5.057143
2,LR3_34_02,LA,E,3,14,5,5.695238
1,LR3_34_02,HA,E,53,5,3,5.228571
1,LR3_34_04,LA,E,5,8,4,5.180952
2,LR3_34_04,LA,E,6,8,4,5.2
3,LR3_34_04,LA,E,5,9,3,5.542857
4,LR3_34_04,LA,E,6,10,3,5.485714
1,LRV_13.5_1,LA,E,NA,7,NA,4.638095
2,LRV_13.5_1,LA,E,6,7,4,4.790476
3,LRV_13.5_1,LA,E,6,11,4,4.971429
4,LRV_13.5_1,LA,E,6,9,4,5.161905
1,LRV_13.5_1,HA,E,51,7,17,5.114286
2,LRV_13.5_1,HA,E,47,6,3,5
1,LR3_35_01,LA,E,3,8,3,4.666667
2,LR3_35_01,LA,E,3,7,10,4.790476
3,LR3_35_01,LA,E,3,9,3,4.933333
4,LR3_35_01,LA,E,5,8,4,5.27619
1,LR3_35_01,HA,E,35,5,3,5.466667
2,LR3_35_01,HA,E,32,5,3,5.27619
3,LR3_35_01,HA,E,34,6,3,5.580952
1,LR3_44_01,LA,E,4,10,9,5.190476
2,LR3_44_01,LA,E,3,10,19,5.352381
3,LR3_44_01,LA,E,6,7,4,5.495238
1,LR3_44_01,HA,E,32,5,2,5.066667
2,LR3_44_01,HA,E,40,6,3,5.847619
3,LR3_44_01,HA,E,34,5,3,5.27619
4,LR3_44_01,HA,E,37,6,5,5.571429
1,LR3_34_04,HA,E,22,6,4,5.685714
2,LR3_34_04,HA,E,21,6,3,5.047619
3,LR3_34_04,HA,E,8,7,4,5.419048
4,LR3_34_04,HA,E,27,7,3,5.457143
1,LRV_13_2,LA,E,4,10,15,5.295238
2,LRV_13_2,LA,E,14,7,4,5.32381
3,LRV_13_2,LA,E,NA,23,NA,4.552381
1,LRV_13_2,HA,E,32,7,2,5.761905
2,LRV_13_2,HA,E,31,7,3,5.780952
3,LRV_13_2,HA,E,37,7,3,5.904762
4,LRV_13_2,HA,E,30,7,3,6.019048
1,LRV_14_1,LA,E,4,8,7,5.180952
2,LRV_14_1,LA,E,6,8,6,5.52381
3,LRV_14_1,LA,E,6,11,11,5.857143
1,LRV_14_1,HA,E,NA,7,NA,5.857143
2,LRV_14_1,HA,E,13,7,2,5.72381
3,LRV_14_1,HA,E,18,7,6,5.4
1,LRV_13_1,LA,E,NA,20,NA,4.885714
2,LRV_13_1,LA,E,6,8,6,5.171429
3,LRV_13_1,LA,E,8,8,7,5.457143
1,LRV_13_1,HA,E,44,7,3,5.52381
2,LRV_13_1,HA,E,32,7,3,5.752381
1,LRV_13_1,HA,E,25,5,3,4.980952
2,LRV_13_1,HA,E,6,6,4,5
1,LR3_32_02,LA,E,6,10,26,4.904762
2,LR3_32_02,LA,E,3,12,33,5.2
1,LR3_32_02,HA,E,32,8,3,5.466667
2,LR3_32_02,HA,E,20,8,3,5.447619
3,LR3_32_02,HA,E,34,8,3,5.295238
1,LR3_45_01,LA,E,7,7,4,4.895238
2,LR3_45_01,LA,E,6,8,3,5.047619
1,LR3_45_01,HA,E,34,6,3,4.971429
2,LR3_45_01,HA,E,20,6,4,5
