"","Replicates","Genotypes","cond","pop","sumNeo","adult","diff","size","sumNeo","adult","diff","size"
"1",1,"LR3_77_01","LA","P",5,7,4,4.857143,-0.4306633158639,1.35108005630937,0.239538712526629,-0.560383223730496
"2",2,"LR3_77_01","LA","P",6,10,4,5.133333,-0.846442656013405,0.275489546607877,0.817818384222304,0.0186967055335721
"3",3,"LR3_77_01","LA","P",4,11,11,5.180952,-2.09431031849465,-0.0978315624762147,-0.262478909214281,0.227208109565628
"4",1,"LR3_77_01","HA","P",37,7,3,4.666667,0.93036022349684,1.68416214579854,0.263918402115954,0.999902213574684
"5",2,"LR3_77_01","HA","P",35,7,6,5.32381,0.666187693792212,0.0195677974424976,-0.726776995979648,0.694273728240437
"6",3,"LR3_77_01","HA","P",13,7,3,5.533333,0.708622944487499,-0.218799008596281,0.292655891923777,-0.444027957709667
"7",1,"LR3_66_01","LA","P",4,8,17,5.085714,-1.9280545886345,0.404770632418673,-1.4326970651542,-0.133990379580364
"8",2,"LR3_66_01","LA","P",6,11,4,5.190476,-0.997682636582173,0.0341868124988627,0.986621723662842,0.154355086803148
"9",3,"LR3_66_01","LA","P",4,11,20,5.219048,-2.60276747792608,-0.300551617051033,-1.08391156821011,0.417742294838446
"10",4,"LR3_66_01","LA","P",4,15,7,5.580952,-2.10283804622079,-1.25422221200609,0.855716331683679,0.366151700530067
"11",1,"LR3_66_01","HA","P",33,6,3,5.028571,1.33005788356915,0.995972653879045,-0.0702195465200605,0.351575056445514
"12",2,"LR3_66_01","HA","P",19,10,3,4.914286,-0.0225760165423435,0.73221432680945,1.00361747710741,0.949617766014898
"13",3,"LR3_66_01","HA","P",37,6,3,4.666667,1.21276374703773,1.85884790198836,-0.0187607535332429,0.720689898104
"14",4,"LR3_66_01","HA","P",28,7,3,5.47619,1.16202210032199,-0.16790853381421,0.159417286674004,0.181285207240987
"15",1,"LR2_48_02","LA","P",3,7,14,4.92381,-1.75346234005223,0.999240234479486,-1.33503452235759,-0.524301284340995
"16",2,"LR2_48_02","LA","P",3,7,10,5.104762,-1.36711505401538,0.640730617453773,-0.915859359370551,-0.782215301081596
"17",3,"LR2_48_02","LA","P",5,8,3,5.380952,-0.186995737569917,0.0449833485345922,0.739997903446192,-0.797801137407644
"18",4,"LR2_48_02","LA","P",4,12,7,5.714286,-1.61753019747395,-1.27154985045438,0.407362143728433,-0.143484934870188
"19",1,"LR2_48_01","HA","P",43,6,3,5.12381,1.54575871609292,0.7504005847955,-0.138838889965481,0.485573410177651
"20",2,"LR2_48_01","HA","P",53,6,3,5.6,1.90652305869031,-0.318480045627519,-0.266370590173879,0.310844203591513
"21",3,"LR2_48_01","HA","P",43,7,3,5.790476,1.57736108223209,-0.870070792810699,0.022841332663104,0.300343788451074
"22",4,"LR2_48_02","HA","P",56,5,3,5.447619,2.20034235818998,0.206678653430697,-0.579521976094006,0.13255217267792
"23",5,"LR2_48_02","HA","P",45,7,3,5.695238,1.56348049922079,-0.67751155680754,0.0306850960741134,0.398835725444828
"24",6,"LR2_48_02","HA","P",51,6,3,6.228571,2.15694002041685,-1.58052123442818,-0.364980914693881,-0.125622589011556
"25",1,"LR2_36_02","LA","P",5,7,14,5.12381,-1.36157256127571,0.488409341962585,-1.46095780477192,-0.320040735607588
"26",2,"LR2_36_02","LA","P",9,11,11,5.066667,-1.67119966643048,0.092517071163862,-0.384046151730272,0.897320597803591
"27",1,"LR2_36_02","HA","P",21,7,5,4.895238,0.282092867056312,1.08797610592723,-0.312605502463154,0.554911439823785
"28",2,"LR2_36_02","HA","P",23,6,6,5.228571,0.637329570461154,0.446758177055698,-0.912412261031919,0.159969836058952
"29",3,"LR2_36_02","HA","P",19,7,6,5.247619,0.24435220863681,0.247191307225734,-0.597481057685712,0.279125460515226
"30",1,"LR3_74_01","LA","P",5,10,4,5.07619,-0.982349585286064,0.42314943784998,0.860916392622548,-0.0700150854297838
"31",2,"LR3_74_01","LA","P",5,8,7,5.295238,-0.923199022120398,0.0809178801906104,-0.317606894226799,-0.449200180143677
"32",3,"LR3_74_01","LA","P",6,10,8,5.533333,-1.23416956976522,-0.737948076488531,-0.152054069392929,-0.0255915912084519
"33",1,"LR3_74_01","HA","P",38,6,3,5.895238,1.82761152285812,-0.896793223241137,-0.254225266033365,-0.14307990169905
"34",2,"LR3_74_01","HA","P",54,6,3,6.009524,2.10054938710673,-1.15884006267099,-0.34010873740716,0.0559809146085936
"35",3,"LR3_74_01","HA","P",39,7,3,6.028571,1.6195198917237,-1.34024790712761,0.00124184925599601,0.0706915807079978
"36",1,"LR2_54_01","LA","P",2,11,NA,5.495238,-1.10129516278715,-0.154499525990572,1.43447722009382,-0.52190724593325
"37",2,"LR2_54_01","LA","P",3,11,3,5.32381,-1.00819046111812,-0.395531710248505,0.981398479584853,-0.119832852986788
"38",3,"LR2_54_01","LA","P",5,11,4,5.390476,-0.981130434122159,-0.520124908120563,0.970971177099042,-0.159856979194801
"39",4,"LR2_54_01","LA","P",5,11,4,5.447619,1.51416595538694,1.20725201318754,-0.120625849702587,0.72100386867724
"40",1,"LR2_54_01","LA","P",48,6,3,4.92381,1.19383337774465,1.48665861566456,-0.256728104366974,-0.411458623533334
"41",2,"LR2_54_01","HA","P",17,5,3,4.933333,1.27033736829327,-0.204018365888246,0.126651007165206,0.30141989462177
"42",3,"LR2_54_01","HA","P",33,7,3,5.485714,1.19185932068787,-0.764301481728342,-0.0634458083594517,-0.896354762059733
"43",4,"LR2_54_01","HA","P",14,6,3,5.87619,-2.06208976645126,-0.8971582682803,-1.02076808373433,-0.0830818541267067
"44",1,"LR2_48_01","LA","P",4,10,16,5.561905,-0.839911604154775,-0.247160436286097,-0.108995342863058,-0.781420789914793
"45",2,"LR2_48_01","LA","P",4,8,6,5.466667,-2.36761988202729,-2.43896159573704,0.603734607141875,0.0317986291045697
"46",3,"LR2_48_01","LA","P",3,16,9,6.114286,-1.92536163994526,0.266937408111684,-1.87820775079844,-0.606404007290221
"47",4,"LR2_48_01","LA","P",3,7,20,5.209524,1.57736108223209,-0.870070792810699,0.022841332663104,0.300343788451074
"48",1,"LR2_48_01","HA","P",43,7,3,5.790476,1.54575871609292,0.7504005847955,-0.138838889965481,0.485573410177651
"49",2,"LR2_48_01","HA","P",43,6,3,5.12381,1.90652305869031,-0.318480045627519,-0.266370590173879,0.310844203591513
"50",3,"LR2_48_01","LA","P",53,6,3,5.6,-1.86457925130977,-0.77498460252596,-1.2184713735233,-0.278360466698537
"51",1,"LR2_36_01","LA","P",4,9,16,5.561905,-0.652966166644125,-0.46681116261127,0.26850845273757,-0.365537449013373
"52",2,"LR2_36_01","LA","P",6,9,5,5.504762,-1.19384050034085,-0.859600718461152,0.898648963025763,-1.12466115758401
"53",3,"LR2_36_01","LA","P",2,10,4,5.695238,-0.702044793944216,0.016974436384421,0.471090136160825,-1.06401362730616
"54",4,"LR2_36_01","LA","P",3,8,4,5.390476,-0.558765515451145,0.0765185008306182,0.429828133794958,-0.840069418738529
"55",5,"LR2_36_01","LA","P",4,8,4,5.352381,0.575105040561905,1.02291704204628,-0.0825518578049904,-1.50373173404189
"56",1,"LR2_36_01","HA","P",5,5,3,5.180952,1.09542123948416,-1.06374701689247,-0.874858452839018,0.600570624306871
"57",2,"LR2_36_01","HA","P",48,7,6,5.819048,1.5810113145912,-1.38900251316311,0.0116964859703215,-0.00934429067957576
"58",3,"LR2_36_01","HA","P",36,7,3,6.057143,1.61865861611726,-1.48498834468603,-0.00131028895009791,-0.0181507890747389
"59",4,"LR2_36_01","HA","P",37,7,3,6.104762,-1.07128069818004,2.05281121396783,-0.412609919458717,-0.109046912347263
"60",1,"LR3_52_01","LA","P",5,7,7,4.533333,-2.2996597632365,0.290608205939267,-1.74574124003356,-0.264335981902757
"61",2,"LR3_52_01","LA","P",3,8,22,5.12381,-2.76776461007208,0.00724355460365073,-0.560914233172943,-0.0860635061988453
"62",3,"LR3_52_01","LA","P",2,11,15,5.133333,-1.11352502704642,-0.0453000503225437,-0.827153159201895,-0.204795133814148
"63",4,"LR3_52_01","LA","P",6,8,10,5.314286,2.01909405289125,-1.36394276776844,-0.3199722530917,-0.175111896628781
"64",1,"LR3_52_01","HA","P",44,6,3,6.12381,1.69132421763084,-0.421955362240111,-0.204669322866425,-0.0340196570487187
"65",2,"LR3_52_01","HA","P",36,6,3,5.666667,1.60169099865972,0.143418620561229,-0.167169120674701,0.191076142374632
"66",3,"LR3_52_01","HA","P",38,6,3,5.4,1.75784982715621,0.200901885290727,-0.212283989193513,0.430658496735731
"67",4,"LR3_52_01","HA","P",50,6,3,5.361905,-1.55353060104463,-1.12580193001844,-0.442509456761866,0.313297434829727
"68",1,"LR2_54_02","LA","P",7,11,11,5.628571,-1.80370039364949,0.731529479578653,1.12958442057938,0.706700219577801
"69",2,"LR2_54_02","LA","P",5,13,5,4.8,-0.874911673623445,0.772394517984539,1.11512345555784,-0.671852827074045
"70",3,"LR2_54_02","LA","P",3,9,3,5.019048,-1.14580071631491,0.531539803502286,-0.242967839522935,-0.467985799648273
"71",4,"LR2_54_02","LA","P",4,8,7,5.104762,-2.43581413605382,-0.0566273557159768,0.386211206153556,0.326864508755669
"72",5,"LR2_54_02","LA","P",3,13,9,5.104762,1.20962992034063,0.6105134584287,-0.462884501146635,0.386153350832147
"73",1,"LR2_54_02","HA","P",35,6,4,5.171429,0.363462405750163,-0.319823486014213,-1.44681354975794,0.904729395128448
"74",2,"LR2_54_02","HA","P",40,7,10,5.428571,1.10911632788218,-0.451310770698036,-0.587292996490342,0.706449441145536
"75",3,"LR2_54_02","HA","P",47,7,5,5.542857,0.943097337008407,-0.482918894094503,-0.818499402293164,0.752834911702177
"76",4,"LR2_54_02","HA","P",46,7,6,5.542857,1.90106213965814,-1.3103025884962,-0.283989444599295,-0.297363104545422
"77",5,"LR2_54_02","HA","P",37,6,3,6.104762,-1.23954024672365,0.669678225421927,1.07054673486547,0.222353539460442
"78",1,"LR3_52_02","LA","P",5,11,4,4.92381,-1.42079711720657,0.502220985238194,0.265550565277343,0.749248865516108
"79",2,"LR3_52_02","LA","P",8,11,7,4.933333,0.150768483109955,0.78494751107303,0.0564303425188042,-0.141117991144231
"80",3,"LR3_52_02","LA","P",11,7,4,5.066667,1.40458839815344,-0.576693813686346,0.0796792383674306,0.251600499750405
"81",1,"LR3_52_02","HA","P",36,7,3,5.657143,1.54057125415133,-0.635631358987018,0.0382794437860641,0.394177831682695
"82",2,"LR3_52_02","HA","P",44,7,3,5.67619,1.63836364260699,-0.491615037520151,0.373101323228048,-0.716111792288338
"83",3,"LR3_52_02","HA","P",19,6,2,5.761905,-1.64352689985007,-0.407265045660716,0.424770757933248,-0.816726795533643
"84",1,"LR3_57_02","LA","P",2,10,6,5.447619,-1.56113425250413,-0.648256894663519,0.0751906468183077,0.0802489376739941
"85",2,"LR3_57_02","LA","P",5,11,8,5.447619,-1.5724113884864,0.165622550478892,-1.40480064038854,-0.792091340006259
"86",3,"LR3_57_02","LA","P",3,7,14,5.285714,-3.57511175091477,-1.95431723954179,0.0164153572383522,0.476115553175239
"87",4,"LR3_57_02","LA","P",2,18,18,5.752381,-0.991176549479934,-1.83613102481479,1.54244464938778,1.2456291960187
"88",5,"LR3_57_02","LA","P",15,17,4,5.780952,-0.856541852917978,-1.50059193552456,1.14193005239105,0.255685870104789
"89",6,"LR3_57_02","LA","P",8,13,4,5.8,-2.49433421688518,-1.22814171983036,-1.85333080609478,0.726052251758293
"90",7,"LR3_57_02","LA","P",7,11,31,5.580952,-1.12797216408556,-1.33662833204072,1.8417654970318,0.302310817446936
"91",8,"LR3_57_02","LA","P",6,15,3,5.67619,2.21915528882022,-0.804449041673478,0.195094966915937,-0.144186270344163
"92",1,"LR3_57_02","HA","P",44,6,2,5.87619,1.83989439487776,-0.766264189618517,0.308113006516658,-0.618313304528515
"93",2,"LR3_57_02","HA","P",24,6,2,5.885714,1.2209358355811,-1.19155468619734,0.862651292645129,-0.271579008689105
"94",3,"LR3_57_02","HA","P",20,8,2,5.942857,1.92005682165394,NA,-1.32893674193957,NA
"95",4,"LR3_57_02","HA","P",18,5,5,7.552381,2.14661347753748,-0.0425151601508186,-0.568448818306296,-0.0889064895771904
"96",5,"LR3_57_02","HA","P",47,5,3,5.571429,2.12372049055699,0.238167649628063,-0.556227918358212,0.051171984194693
"97",6,"LR3_57_02","HA","P",50,5,3,5.438095,2.20636634866141,0.561790616534042,-0.0109752192060128,-0.214789666735677
"98",7,"LR3_57_02","HA","P",38,5,2,5.333333,-1.93099211223587,1.24805099792372,-1.49402546688525,-0.387229647465724
"99",1,"LR3_88_01","LA","P",3,7,16,4.809524,-0.896521877862796,1.24816455626407,-0.479951429568201,-0.367530360327003
"100",2,"LR3_88_01","LA","P",5,7,7,4.857143,-2.2789763736785,0.542568406744577,-1.51348292209535,0.425491551319686
"101",3,"LR3_88_01","LA","P",5,9,21,4.942857,-1.28551335595062,-0.131829544445648,-0.930253130093481,-0.328505176570511
"102",4,"LR3_88_01","LA","P",5,8,11,5.352381,1.95537158074428,0.538388041852816,0.0628761164875062,-0.558062979594176
"103",1,"LR3_88_01","HA","P",25,5,2,5.361905,1.43935552278499,-0.169601090511192,0.0772818826024375,0.543884674438145
"104",2,"LR3_88_01","HA","P",44,7,3,5.457143,2.00276313080313,0.430270341081124,0.0467493395346808,-0.56144527274326
"105",3,"LR3_88_01","HA","P",26,5,2,5.409524,1.30107379471796,0.402046071223495,0.129305791117789,0.708996642595895
"106",4,"LR3_88_01","HA","P",43,7,3,5.2,-2.37670294509956,-0.311778127951599,-1.64524250993984,0.597173260957509
"107",1,"LR3_53_01","LA","P",6,10,25,5.238095,-2.13088330733003,-1.00780652156181,-0.0424421711786347,0.474162679723385
"108",2,"LR3_53_01","LA","P",5,13,11,5.495238,0.41788019995242,-0.414876912565275,0.709375578471302,0.303698840468916
"109",1,"LR3_53_01","HA","P",18,9,3,5.47619,-1.53631956401162,2.97380806006183,1.07438301396376,0.749354545918765
"110",2,"LR3_53_01","HA","P",5,10,4,4.07619,0.150954967697237,0.814133992870232,0.812232465429902,0.698504403134448
"111",3,"LR3_53_01","HA","P",18,9,3,4.933333,-0.932745190074397,2.86483918649454,1.31442693048163,1.048627907331
"112",1,"LR3_32_03","LA","E",9,10,3,4.114286,-1.01361916346558,2.15113008401138,1.32452733609937,0.510080446795426
"113",2,"LR3_32_03","LA","E",6,10,3,4.390476,-1.07529707103156,1.3827063839586,1.32788374236808,-0.0364553296511612
"114",3,"LR3_32_03","LA","E",4,10,3,4.704762,-0.731369807517904,2.74836977561631,1.38126204260694,NA
"115",1,"LR3_32_03","HA","E",17,11,3,4.095238,-1.3090548931652,2.02251377497501,-0.552399384161785,-0.226968765491759
"116",1,"LR3_34_03","LA","E",4,7,8,4.542857,-1.65167205193031,-0.223592790739366,-0.372329786162547,0.0969449937542111
"117",2,"LR3_34_03","LA","E",5,10,10,5.285714,-0.663870740663129,-0.846767600577493,1.40952578938478,0.0722269907274931
"118",3,"LR3_34_03","LA","E",7,12,3,5.561905,0.0778979684170806,-0.0237634446759661,-1.00268260614589,0.351481982027768
"119",4,"LR3_34_03","LA","E",2,8,NA,5.257143,0.860854987267308,0.560915936309126,0.826153598519362,-0.342358807654169
"120",1,"LR3_34_03","HA","E",20,7,8,5.342857,1.12684268072195,0.258580435823824,-1.29733193056103,-0.194022524906593
"121",2,"LR3_34_03","HA","E",13,7,2,5.209524,1.61685341513366,-0.800144398271653,0.0125060701831168,0.394499672294785
"122",3,"LR3_34_03","HA","E",26,5,6,5.4,-0.149470558918073,2.06293695674039,0.388477107460522,-0.94172234521845
"123",4,"LR3_34_03","HA","E",47,7,3,5.752381,-0.381296868880195,1.41770916264671,0.82414216762259,-0.220682993647686
"124",1,"LRV_13_3","LA","E",4,6,3,4.666667,0.0410256625021984,1.54188082952356,-0.0988645132620725,-0.581648548906171
"125",2,"LRV_13_3","LA","E",6,8,3,4.780952,-0.483385655775449,1.19140100545882,0.429134624402981,-0.0656133506204204
"126",3,"LRV_13_3","LA","E",7,6,4,4.838095,0.656890327413664,1.58398939856174,-0.28037018910022,0.251359083365402
"127",4,"LRV_13_3","LA","E",7,8,4,4.847619,0.820457633028384,0.254354528029242,-0.970357514178807,0.283480678980192
"128",1,"LRV_13_3","HA","E",20,6,4,4.780952,-0.816905700754183,1.22456471847922,1.10672064257257,-0.321782005736543
"129",2,"LRV_13_3","HA","E",29,6,6,5.304762,-0.0272286070667617,1.48708732364504,0.543583642556274,-0.375066356752684
"130",1,"LRV_12.5_1","LA","E",4,9,3,4.819048,-0.494296183192544,1.59984694733527,0.440286055682053,0.167600716406166
"131",2,"LRV_12.5_1","LA","E",7,7,3,4.809524,-1.70748011406919,1.23673421469548,-0.778790802931329,-0.0524125802789226
"132",3,"LRV_12.5_1","LA","E",8,8,4,4.67619,1.44745654856003,1.39388304968236,-0.0972574625967171,0.74663689367225
"133",4,"LRV_12.5_1","LA","E",4,8,11,4.771429,1.34845730918923,1.92928763650691,0.505877287077926,0.370851891090702
"134",1,"LRV_12.5_1","HA","E",46,6,3,4.847619,1.23495697215061,-0.686746164230711,-0.495541596250346,-0.366782095666629
"135",2,"LRV_12.5_1","HA","E",28,6,2,4.67619,1.34440611554402,-0.721230499715605,0.0946926120720559,0.0851029844680676
"136",3,"LRV_12.5_1","HA","E",23,6,4,5.790476,-0.099129691513177,1.40859632310359,0.563347181446847,-0.51690508545354
"137",4,"LRV_12.5_1","HA","E",31,7,3,5.733333,-1.15056771579932,0.553488625286747,-0.241130925406735,-0.460934994080857
"138",1,"LRV_14.5_1","LA","E",6,7,3,4.847619,1.49047835025632,-0.894804556987343,0.0480826553009632,0.171438938199395
"139",2,"LRV_14.5_1","LA","E",1,8,NA,5.028571,0.637029642859083,-1.00575998202264,-0.977661273264833,0.277298069568271
"140",3,"LRV_14.5_1","LA","E",4,8,7,5.095238,-1.95664631975595,-0.96931482437022,0.226656231585386,0.402033272419417
"141",4,"LRV_14.5_1","LA","E",3,8,NA,5.371429,-1.84036458119185,-1.41032680701182,0.774985427016062,0.615693437203314
"142",1,"LRV_14.5_1","HA","E",37,7,3,5.809524,-1.31427140485392,-1.58475113461011,1.4712647813344,0.333748356458114
"143",2,"LRV_14.5_1","HA","E",29,7,7,5.8,-2.37235694255773,-1.89423012337247,0.207312330453716,0.349594206080475
"144",1,"LR3_30_01","LA","E",5,13,9,5.495238,2.21512281889721,-0.95916799602459,-0.606508189927728,-0.554574786296257
"145",2,"LR3_30_01","LA","E",6,15,7,5.638095,1.84935273260532,-0.0370880208333638,-0.48034164385486,-0.475370458196485
"146",3,"LR3_30_01","LA","E",6,15,4,5.771429,1.75448225567784,-0.0197635325788978,-0.215566654214128,0.292519251711953
"147",4,"LR3_30_01","LA","E",4,15,11,5.847619,1.95965253352345,-0.690750004680951,0.274123995920013,-0.415530853666761
"148",1,"LR3_30_01","HA","E",38,5,3,6.028571,-2.36033255511297,-1.57996667383642,-0.797569316444545,0.132158274281302
"149",2,"LR3_30_01","HA","E",29,5,3,5.590476,-2.57763351222348,-1.37669810123586,-1.47770195482464,0.168565578626517
"150",3,"LR3_30_01","HA","E",46,6,3,5.466667,-1.30359808518153,-0.345597995202363,0.0857022536422198,-0.0910530425136597
"151",4,"LR3_30_01","HA","E",30,6,2,5.838095,-0.972646036875006,0.190818877605811,1.27437903364343,-0.624151794391114
"152",1,"LR3_30_02","LA","E",4,12,17,5.780952,1.59259410758654,-0.212829824864392,-0.171385174393257,-0.0367387824806579
"153",2,"LR3_30_02","LA","E",4,11,25,5.695238,1.24551327641294,-0.358224471085314,0.131009311278009,0.175422505221133
"154",3,"LR3_30_02","LA","E",5,10,7,5.371429,1.21737642288207,-0.136344326622762,0.143642194800242,0.272990914218685
"155",4,"LR3_30_02","LA","E",3,10,3,5.219048,-2.24463706679038,-1.2851454825913,-0.511197550606668,0.143699840129745
"156",1,"LR3_30_02","HA","E",33,6,3,5.571429,-0.348491821571483,0.398426728457485,0.196736560450001,-1.02995481483225
"157",2,"LR3_30_02","HA","E",30,7,3,5.561905,-0.586268067888819,0.203149230296086,0.44042595889847,-0.799390759032377
"158",3,"LR3_30_02","HA","E",31,7,3,5.457143,1.22610865236819,-1.04499175728252,0.300519341525456,0.394459889869646
"159",1,"LRV_12_4","LA","E",1,12,NA,5.647619,0.694631532787124,-0.770709427820502,0.620544266780571,0.450925296606856
"160",2,"LRV_12_4","LA","E",4,12,14,5.657143,0.502034483059624,0.992067953001879,-1.10141430149091,0.555643566265251
"161",3,"LRV_12_4","LA","E",4,7,4,5.27619,-1.15986929963421,-0.271461766818871,1.02870814287951,-0.243519525514333
"162",4,"LRV_12_4","LA","E",4,8,4,5.295238,0.12695617161943,0.347797158340589,0.0550016629899449,-0.437253792109872
"163",1,"LRV_12_4","HA","E",36,8,3,5.809524,-1.30556997951329,0.542479619408023,-0.433938916848084,0.317019608841308
"164",2,"LRV_12_4","HA","E",25,9,3,5.628571,0.774217272034012,-0.520816705493153,0.267379793907209,-0.541047655607355
"165",3,"LRV_12_4","HA","E",28,6,7,4.971429,1.41397040615426,-1.4078437390757,0.237867018337646,0.420885136152183
"166",1,"LR3_33_01","LA","E",4,11,4,5.342857,1.35611227764919,-1.41751022092952,0.254808031078296,0.339166651827633
"167",2,"LR3_33_01","LA","E",9,7,4,5.266667,-0.751029333246332,-0.184656905800709,0.639046655487381,-0.66333405663732
"168",3,"LR3_33_01","LA","E",7,9,9,5,-2.42586929792079,-1.07353282675443,0.239070978743601,0.77677644577128
"169",1,"LR3_33_01","HA","E",13,7,3,5.67619,-0.665490711698988,0.527400680358881,1.04837443722696,-0.545737903217159
"170",2,"LR3_33_01","HA","E",43,8,3,5.980952,1.9478400786634,0.344876276462796,-0.502090259533971,-0.114767539200348
"171",3,"LR3_33_01","HA","E",39,8,3,5.990476,0.244178454935035,0.813749713075697,0.0293355809057949,-0.00118947873801606
"172",1,"LR3_31_03","LA","E",4,9,4,5.409524,1.09614942990349,1.40212107859661,0.00690426940122872,0.291013537371189
"173",2,"LR3_31_03","LA","E",5,15,11,5.447619,-1.16985176760233,0.879854314615114,-0.166546134540348,-1.19170969787853
"174",3,"LR3_31_03","LA","E",4,9,3,5.114286,-1.79764843552631,-1.32643250314542,1.18898277564287,-0.155305644162352
"175",1,"LR3_31_03","HA","E",39,5,3,5.4,2.06010921701065,0.696212879096915,-0.528512873395838,0.245344880516835
"176",2,"LR3_31_03","HA","E",13,7,4,5.047619,-0.51316861779482,0.440884442929324,0.423396052987262,-0.559478357682617
"177",3,"LR3_31_03","HA","E",26,6,3,4.866667,-0.396456708101573,0.381604687929238,0.387694647532221,-0.442375468427809
"178",1,"LR3_34_02","LA","E",2,7,6,5.057143,-0.33037192712127,-0.44128665760282,0.930378081496591,-0.693374816355571
"179",2,"LR3_34_02","LA","E",3,14,5,5.695238,-0.44718446867675,-0.456920159987202,1.10625756490133,-0.327725580382962
"180",1,"LR3_34_02","HA","E",53,5,3,5.228571,-0.358433874246526,1.4966121053641,0.220978167648402,-0.377486907271109
"181",1,"LR3_34_04","LA","E",5,8,4,5.180952,-1.10770941203524,0.540786004262235,1.02901940749955,0.31709422773792
"182",2,"LR3_34_04","LA","E",6,8,4,5.2,-0.634751697246161,0.332371820788896,0.61465080664489,-0.19755601269779
"183",3,"LR3_34_04","LA","E",5,9,3,5.542857,-0.100693011620478,0.257087387422266,-2.15362326476075,1.51179201699108
"184",4,"LR3_34_04","LA","E",6,10,3,5.485714,1.53988019668776,1.02922919439592,-0.131690962162176,0.646836718532097
"185",1,"LRV_13.5_1","LA","E",NA,7,NA,4.638095,-0.840343674439608,1.75965295235168,0.96667139214181,-0.61534240019216
"186",2,"LRV_13.5_1","LA","E",6,7,4,4.790476,-1.52886809447508,1.385494419035,-0.853529492474087,-0.542968529197173
"187",3,"LRV_13.5_1","LA","E",6,11,4,4.971429,-0.918785022883593,0.97440174016859,1.13202959847741,-0.606960339412502
"188",4,"LRV_13.5_1","LA","E",6,9,4,5.161905,-0.466568436060314,0.226321993875306,0.405439153280104,-0.628404067007912
"189",1,"LRV_13.5_1","HA","E",51,7,17,5.114286,1.91073760185385,0.21014387860396,-0.49371935196015,-0.245062587289498
"190",2,"LRV_13.5_1","HA","E",47,6,3,5,1.76307199174948,0.637355768425441,-0.441718606485451,-0.179782456028748
"191",1,"LR3_35_01","LA","E",3,8,3,4.666667,1.61588499177007,-0.235887671125577,-0.178727460787081,-0.0201741056679222
"192",2,"LR3_35_01","LA","E",3,7,10,4.790476,-1.7358492000894,0.0300930735393146,-0.17489394821534,-0.0293660971871565
"193",3,"LR3_35_01","LA","E",3,9,3,4.933333,-2.47449858584408,-0.452661032149726,-1.169798898917,-0.0712287341170976
"194",4,"LR3_35_01","LA","E",5,8,4,5.27619,-0.00790599498078075,-0.117332678488068,0.0859058623857564,-0.895948033760513
"195",1,"LR3_35_01","HA","E",35,5,3,5.466667,1.96636273934612,1.18197976854784,0.0721041544887459,-0.153633557520357
"196",2,"LR3_35_01","HA","E",32,5,3,5.27619,1.83920048632298,-0.80521290263651,-0.255879976601991,-0.0723871250330214
"197",3,"LR3_35_01","HA","E",34,6,3,5.580952,1.80144061378491,0.631607406510671,-0.45318884732337,-0.132959037507978
"198",1,"LR3_44_01","LA","E",4,10,9,5.190476,1.25286566429905,-0.314748085954759,-0.829663933829105,0.222338278062362
"199",2,"LR3_44_01","LA","E",3,10,19,5.352381,1.15994509752526,-0.46581910253316,-0.469050181808055,-0.331251347495282
"200",3,"LR3_44_01","LA","E",6,7,4,5.495238,1.05476185169058,0.994273304882343,0.0112469196150215,-0.010408594505778
"201",1,"LR3_44_01","HA","E",32,5,2,5.066667,0.128599982709122,0.0219066156547492,0.0481946657863285,-0.632589092870006
"202",2,"LR3_44_01","HA","E",40,6,3,5.847619,1.13012617544345,-0.123272551489237,0.169725522743705,0.166514459367473
"203",3,"LR3_44_01","HA","E",34,5,3,5.27619,-2.13117035249269,-0.303968818204828,-0.884118780462863,0.0798237003735821
"204",4,"LR3_44_01","HA","E",37,6,5,5.571429,0.426272859273654,0.179839416876536,-0.0368662958114771,-0.146588177805048
"205",1,"LR3_34_04","HA","E",22,6,4,5.685714,1.68415714607455,-0.71547105812171,0.557666479927806,-0.0363819200834855
"206",2,"LR3_34_04","HA","E",21,6,3,5.047619,1.3657375451316,-0.819447365053395,0.0864727655509241,0.0535519505338406
"207",3,"LR3_34_04","HA","E",8,7,4,5.419048,1.53247068766565,-1.08815098656526,0.0319013409098611,0.109328630161215
"208",4,"LR3_34_04","HA","E",27,7,3,5.457143,1.44929883995378,-1.29651973019582,0.0524826448560205,-0.125994012794429
"209",1,"LRV_13_2","LA","E",4,10,15,5.295238,-1.10795478756103,0.357284792944202,-0.257551378077128,-0.523963209764332
"210",2,"LRV_13_2","LA","E",14,7,4,5.32381,-0.576938378788271,-0.405566091029735,-0.189918825025553,-0.53261824211329
"211",3,"LRV_13_2","LA","E",NA,23,NA,4.552381,-1.54283403666101,-1.58459946927779,-0.454574070485335,0.0492896217539082
"212",1,"LRV_13_2","HA","E",32,7,2,5.761905,1.10259894768034,-0.552152173290738,0.733000055113035,-0.699919085884502
"213",2,"LRV_13_2","HA","E",31,7,3,5.780952,0.283873054824341,-0.0854391579028057,-0.615631995365245,0.12936814659411
"214",3,"LRV_13_2","HA","E",37,7,3,5.904762,-0.745896274835266,0.372371217657062,-0.124812641291471,-0.282714864107246
"215",4,"LRV_13_2","HA","E",30,7,3,6.019048,-0.566280886974827,-0.316592373685468,-0.430979317882102,-0.222120007927416
"216",1,"LRV_14_1","LA","E",4,8,7,5.180952,1.47054927848127,-0.313227324750303,0.0652616903697358,0.497746405061105
"217",2,"LRV_14_1","LA","E",6,8,6,5.52381,1.37303760044155,-0.7636160720237,0.0853944348481089,0.0969573231646054
"218",3,"LRV_14_1","LA","E",6,11,11,5.857143,1.46017258726208,1.33780489747436,-0.338462810734209,-0.152454272087334
"219",1,"LRV_14_1","HA","E",NA,7,NA,5.857143,0.0328354323067543,1.17004425798642,-0.103651295367242,-0.817721155191179
"220",2,"LRV_14_1","HA","E",13,7,2,5.72381,-2.5795301953136,0.452834459417397,-1.63478207203499,0.859807987538157
"221",3,"LRV_14_1","HA","E",18,7,6,5.4,-3.38602217245729,-0.434036341974416,-1.55906351585568,0.582632250237921
"222",1,"LRV_13_1","LA","E",NA,20,NA,4.885714,0.994929072295828,-0.312757934019956,0.383159431645651,0.535084991513572
"223",2,"LRV_13_1","LA","E",6,8,6,5.171429,0.689900493029185,-0.227135580898777,0.475121533159748,0.18703476633724
"224",3,"LRV_13_1","LA","E",8,8,7,5.457143,0.951586602108541,0.0577182467520646,0.403175717971194,0.702766200316851
"225",1,"LRV_13_1","HA","E",44,7,3,5.52381,0.420286931468328,0.492462674792174,0.726260131133824,0.856704749425201
"226",2,"LRV_13_1","HA","E",32,7,3,5.752381,-0.211532545625193,1.22977749834672,0.172314057718549,-0.346580042715726
"227",1,"LRV_13_1","HA","E",25,5,3,4.980952,-0.243217250245427,0.781945523193291,0.770934609816196,-0.424914722012823
"228",2,"LRV_13_1","HA","E",6,6,4,5,1.31983455015184,1.12722520596638,-0.0646474746040647,0.417710166991334
"229",1,"LR3_32_02","LA","E",6,10,26,4.904762,0.770806553545118,1.05948190618736,-0.324266632665929,0.0828671076365347
"230",2,"LR3_32_02","LA","E",3,12,33,5.2,1.25435265570919,0.563613316112928,-0.0561927813887009,-0.00969666939258981
"231",1,"LR3_32_02","HA","E",32,8,3,5.466667,1.18772475476693,0.0896247637233684,0.156802829845059,0.371051089750801
"232",2,"LR3_32_02","HA","E",20,8,3,5.447619,-2.11316935425437,0.938199643384099,-0.895279527280309,0.214836139115704
"233",3,"LR3_32_02","HA","E",34,8,3,5.295238,-1.23598249340019,-1.08917904052189,0.817317707677624,-0.0585241187309153
"234",4,"LR3_32_02","HA","E",25,9,3,5.057143,-1.9842240897134,-2.51239811204519,NA,1.29795516794354
"235",1,"LR3_45_01","LA","E",7,7,4,4.895238,-2.0397349880026,-1.86215166737742,1.34461798379097,-0.445339714043885
"236",2,"LR3_45_01","LA","E",6,8,3,5.047619,1.56561722627134,-1.24076847079351,0.019128663911028,0.060302025542128
"237",1,"LR3_45_01","HA","E",34,6,3,4.971429,1.39963874732136,-0.105331277438103,-0.112177279277321,-0.224587396139553
"238",2,"LR3_45_01","HA","E",20,6,4,5,0.635968907490056,-1.12523774256014,0.631035154990589,0.159164762624175
